Model,Zip,Img
A6M5,A6M5.zip,A6M5.png
AN/TPS3,AN_TPS3.zip,AN_TPS3.png
B-25,B25.zip,B25.png
BF-109E,bf109e.zip,bf109e.png
Blenheim,Blenheim.zip,Blenheim.png
Boston,Boston.zip,Boston.png
Airfield Tower,fldtwr.zip,fldtwr.png
Freya,Freya.zip,Freya.png
G4M,G4M.zip,G4M.png
Hurricane 2,hurri2.zip,hurri2.png
Ki-21-II,Ki21.zip,Ki21.png
Ki-27,Ki27.zip,Ki27.png
Ki-48,Ki48.zip,Ki48.png
Ki-51,Ki51.zip,Ki51.png
Me-262,me262.zip,me262.png
P-39,p39.zip,p39.png
QF 3in AA,QF3in.zip,QF3in.png
Spitfire II,spitII.zip,spitII.png
Spitfire IX,SpitIX.zip,SpitIX.png
Ta-152,Ta152.zip,Ta152.png
